[{"model": "admin.logentry", "pk": 9, "fields": {"action_time": "2020-10-27T12:16:56.597Z", "user": 4, "content_type": 18, "object_id": "5", "object_repr": "test new", "action_flag": 2, "change_message": "[{\"changed\": {\"fields\": [\"Status\"]}}]"}}, {"model": "admin.logentry", "pk": 10, "fields": {"action_time": "2020-10-27T12:16:59.662Z", "user": 4, "content_type": 18, "object_id": "5", "object_repr": "test new", "action_flag": 2, "change_message": "[]"}}, {"model": "admin.logentry", "pk": 11, "fields": {"action_time": "2020-10-27T12:17:06.706Z", "user": 4, "content_type": 18, "object_id": "4", "object_repr": "test", "action_flag": 2, "change_message": "[{\"changed\": {\"fields\": [\"Status\"]}}]"}}, {"model": "admin.logentry", "pk": 12, "fields": {"action_time": "2020-10-27T12:17:08.202Z", "user": 4, "content_type": 18, "object_id": "4", "object_repr": "test", "action_flag": 2, "change_message": "[]"}}, {"model": "admin.logentry", "pk": 13, "fields": {"action_time": "2020-10-27T12:17:16.088Z", "user": 4, "content_type": 18, "object_id": "3", "object_repr": "test", "action_flag": 2, "change_message": "[{\"changed\": {\"fields\": [\"Status\"]}}]"}}, {"model": "admin.logentry", "pk": 14, "fields": {"action_time": "2020-10-27T12:18:14.676Z", "user": 4, "content_type": 18, "object_id": "6", "object_repr": "Test Firas", "action_flag": 2, "change_message": "[{\"changed\": {\"fields\": [\"Status\"]}}]"}}, {"model": "admin.logentry", "pk": 15, "fields": {"action_time": "2020-10-27T12:28:42.139Z", "user": 6, "content_type": 18, "object_id": "5", "object_repr": "test new", "action_flag": 2, "change_message": "[]"}}, {"model": "admin.logentry", "pk": 16, "fields": {"action_time": "2020-11-05T19:47:24.087Z", "user": 4, "content_type": 19, "object_id": "1", "object_repr": "save20", "action_flag": 1, "change_message": "[{\"added\": {}}]"}}, {"model": "admin.logentry", "pk": 17, "fields": {"action_time": "2020-11-10T17:31:24.940Z", "user": 4, "content_type": 20, "object_id": "1", "object_repr": "My First Blog", "action_flag": 1, "change_message": "[{\"added\": {}}]"}}, {"model": "admin.logentry", "pk": 18, "fields": {"action_time": "2020-11-11T11:51:14.845Z", "user": 4, "content_type": 20, "object_id": "2", "object_repr": "My Second Blog", "action_flag": 1, "change_message": "[{\"added\": {}}]"}}, {"model": "auth.user", "pk": 2, "fields": {"password": "pbkdf2_sha256$216000$Uo49Rk3s0KLo$1ee3Qk2ZEbw0lVISFC6XWgwxvJiIYmH+eKAJQKKuDwU=", "last_login": "2020-10-09T19:01:04.028Z", "is_superuser": false, "username": "firas", "first_name": "", "last_name": "", "email": "test@test.com", "is_staff": false, "is_active": true, "date_joined": "2020-10-07T23:16:48.104Z", "groups": [], "user_permissions": []}}, {"model": "auth.user", "pk": 4, "fields": {"password": "pbkdf2_sha256$216000$YDekq8ki1m8R$iug356XEbM6mhn2Ov7mt23adN9a/hfaJ+BEU3gtA7DU=", "last_login": "2020-11-01T18:07:12.046Z", "is_superuser": true, "username": "firash94", "first_name": "", "last_name": "", "email": "firas_7000@hotmail.co.uk", "is_staff": true, "is_active": true, "date_joined": "2020-10-09T22:24:33.150Z", "groups": [], "user_permissions": []}}, {"model": "auth.user", "pk": 5, "fields": {"password": "pbkdf2_sha256$216000$idUvjvi3lDjF$a/SyDpTw1sruVM8GcUkLiB2BlrsdmHoAYjwB/bkEHB4=", "last_login": "2020-10-24T13:02:04.164Z", "is_superuser": true, "username": "a", "first_name": "", "last_name": "", "email": "a@a.com", "is_staff": true, "is_active": true, "date_joined": "2020-10-24T12:57:28.853Z", "groups": [], "user_permissions": []}}, {"model": "auth.user", "pk": 6, "fields": {"password": "pbkdf2_sha256$216000$AUEQ1cB1haWn$L7fzHxSr3aAkcJTo7j13t/XsKSxeMFox0ZQvljh0gIs=", "last_login": "2020-10-27T12:09:15.808Z", "is_superuser": true, "username": "cit", "first_name": "", "last_name": "", "email": "qwe@qwe.qwe", "is_staff": true, "is_active": true, "date_joined": "2020-10-27T12:09:06.941Z", "groups": [], "user_permissions": []}}, {"model": "sessions.session", "pk": "2rxlkt2h4chv4tvts3odi0rez2glpqwk", "fields": {"session_data": ".eJxlj8tqwzAQRX-lnbUwtls5tpbdF7qPgxhJI1upIxU9QkvIv9cuplC6Pffew8wNUOtQfJZXis46MpIu6BYQviwL-01LoggCWmAgseT5B0hn_jOF-p38Fpgz-ilUOvgcnaq2SrWnqXoNhpaXvftHMGOat_WAh-Zgn_t-4LUlXrekCDV1XLUa7ZNCbjkOg-pU12ttLale8aYjrBUSDps0UUoueEmfHy5-gagZJLySdN4GEDkWYqBwAnED3oBo7uvmsm5worSecDyOIOU5rYadjsBq1nI2wlsMpuj8sH5BmczjCKcT3L8BLotxaw:1kQwq6:60cPf6M64EY9qWc2ak2FQJ48B9NdfFGq8nZQ_QIX49A", "expire_date": "2020-10-23T18:09:58.146Z"}}, {"model": "sessions.session", "pk": "3sz2zumdtdl9unrioupuhdqhlqa3pdzj", "fields": {"session_data": ".eJxVjEEOgjAURO_SNSEUpFCW7j1D83_7C1WkpgWVEO8uTVjoLGYx82Y2pmCZB7VECsoZ1rETy34zBH2jKRXmClPvc-2nOTjME5Ifbcwv3tB4Pti_gwHisK8tSaDKak5a2LIhUdeitQJlK0ssCRppKyg5YEuSa7CoUWrdNoUxoqFKpNNIMTo_KXo_XFhZV2QMoWfdxngyN9M9KlyVHeHpl5CyOAd4IYWE88-uLxXNUig:1kalEC:xCnER2gSJatRtYfntrSiOrJNVir5-69biKdJPPgD_nI", "expire_date": "2020-11-19T19:47:24.578Z"}}, {"model": "sessions.session", "pk": "3vz12l1cpxra6xy8l0cgsz95vcz8d1ip", "fields": {"session_data": ".eJxVjMsOwiAQRf-FtSFCy2Ncuu83kJkBpGogKe3K-O_apAvd3nPOfYmA21rC1tMS5iguwojT70bIj1R3EO9Yb01yq-syk9wVedAupxbT83q4fwcFe_nWGRzqNGq2WeUhOgQgIKcYRxwdekDO2kVjkRRYa5gZjfagBk1nlbx4fwD_Ojg_:1kWJBM:u7dbiiaspUpUPGpVbxXDRnv4a_iB3BGA9AbOK2CKfRY", "expire_date": "2020-11-07T13:02:04.232Z"}}, {"model": "sessions.session", "pk": "423o2pl21kyskkgc51p3b17e4pszw1zz", "fields": {"session_data": "eyJiYWciOnt9fQ:1kNLgH:M62GYoqX3wd781I9BpAX8GKu2a-pAo5K9-hxDabPoiU", "expire_date": "2020-10-13T19:52:57.817Z"}}, {"model": "sessions.session", "pk": "4hkwyj281ecimw8q3fgc52kaeu9wirdw", "fields": {"session_data": "eyJiYWciOnsiMyI6eyJpdGVtc19ieV9mbGF2b3VyIjp7InN0cmF3YmVycnkiOjJ9fX19:1kOPIN:v9sE5E9lJ3TeFyflF-hjw6TCRNincrYUDZZXjcFzOTU", "expire_date": "2020-10-16T17:56:39.519Z"}}, {"model": "sessions.session", "pk": "gi2426h7v1doa250wfnwwhm6z8enuyun", "fields": {"session_data": "e30:1kQIUY:Me-fURl6q6bUVGhDMJlKiEg5hAjLUmAApPfilX0TE0U", "expire_date": "2020-10-21T23:05:02.204Z"}}, {"model": "sessions.session", "pk": "nhiowxvtpwme4hjph863mv1uaz8wtjzt", "fields": {"session_data": ".eJxVjMsOwiAQRf-FdUNaanl06d5vIMMwWNRAA63RGP9dm3Sh23vOPS9mYV0mu1YqNno2sgNrfjcHeKW0AX-BdM4cc1pKdHxT-E4rP2VPt-Pu_gUmqNP3HcgA9QE7QhmEIjkMUgfpjDbCCQJlQg-iA6fJdAjBoTOIWrXeS0W93KKVao05WXrMsTzZ2Daswp1sTCGzcSkrvT9YFEal:1kdFyh:0NLer9TsjSTV9vOyCbl0kwYNPPlcum-6Gd8zGxy7azo", "expire_date": "2020-11-26T17:01:43.005Z"}}, {"model": "sessions.session", "pk": "rba1p1mgodh3cjtn71mjxjmba358eq96", "fields": {"session_data": ".eJxVjLkOgzAQRP9l68jChwymTJ9vsNb2cuQAyTaJEPK_ByQaminem5kNHPbQbqCPGDN9knWr7d74nZd4sJQj_hzFuELLSyk3sLjkwS6Joh0DtMDhwhz6F02HCE-c-pn5ecpxdOyosNMm9pgDve9n93IwYBr2teG6FkoJL10TgjcGK0NSybrWshK-49p3pLXwiov91SD3SI3QstaOlOJQ_k6NSRs:1kOjp6:R--QA7NCb9f6_TYZsKsYihpEBOdu86kTOkmI5jPjpCE", "expire_date": "2020-10-17T15:51:48.073Z"}}, {"model": "sessions.session", "pk": "sikpp02tekqxgxqaoyk590ak3vocna1e", "fields": {"session_data": "e30:1kQyM2:WApSZBTvl23VJCvFKFxWVDCHD7Pnjr675Ju_GRzNVvE", "expire_date": "2020-10-23T19:47:02.691Z"}}, {"model": "sessions.session", "pk": "smbfnhs14txnoioxn1f38cc1wiqa5oqx", "fields": {"session_data": ".eJxVjDsOgzAQRO-ydYSCARtTps8ZrF17DeSDJRsSIcTdE0s0NFO8eTMbEPbQbVCLnOPM72RoNf6Fn7DEzNIc8Usc4wpdue_7BQwu82CWxNGMDjqo4cQI7ZOnXLgHTn0obJjmOFKRleJoU3EPjl-3wz0dDJiG_9qzRq68LdlKLxTLppGtl6RbLUgwKu0rFCVSy7q06MmStrZVV-ek4krC_gPIr0sg:1kVI96:OkGFhBhIIDqgLm82l04nG7kDJ-6YYlliqFOM7sWEG80", "expire_date": "2020-11-04T17:43:32.143Z"}}, {"model": "sessions.session", "pk": "w3po3qrqwstapb1jr3w4nnqib7ci2c2h", "fields": {"session_data": ".eJxVTksKgzAUvMtbBzEvITFZdt8zSD5PTVtiMQot4t2r0kW7GubLrNC6ZR7apdDUpggWOLBfzbtwp3wY8eZyP1ZhzPOUfHVEqq9bqusY6XH5Zv8GBleGvW240iglBuGbGIMxrjYkpNBaiRpDx1XoSCkMkuO-ahwPjhpUQitPUp6vCpWSxtzS65mmN9iagXc92BUQLGegwUoGyE9iwCoGYgest-0DIQNHPQ:1kMzJU:_SH-bUQ3YPwojDOaJhuZ0bcgkrUVpR_0RahYxCzJEfc", "expire_date": "2020-10-12T19:59:56.257Z"}}, {"model": "sessions.session", "pk": "wuh564ymxox6zbe0bqb6e3q21ijun09e", "fields": {"session_data": ".eJxVjEEOwiAQRe_C2hCgAxSX7nsGMgyjVA0kpV0Z765NutDtf-_9l4i4rSVunZc4Z3EWTpx-t4T04LqDfMd6a5JaXZc5yV2RB-1yapmfl8P9OyjYy7cGpyC4ACEQqME5TZAwcEJvNI9g2StrvBoSmeQHi97TlS2hzSOzVk68P7hqN00:1kXO5i:TYWFerTRo2PgRGwfjc8rk05l_jTb0qGIUMmhG4eP_9A", "expire_date": "2020-11-10T12:28:42.319Z"}}, {"model": "sessions.session", "pk": "wuncprp9zdeuosoh6s7t5xgul8pktfh6", "fields": {"session_data": ".eJxVTjkOgzAQ_MvWCOFDBlOmzxustb0EcmDJNkQI5e_BEkUyxRRzaXYwuOTRLImimTz0wKD61Sy6B83F8Hecb6F2Yc5xsnWJ1Keb6mvw9Lyc2b-BEdN4tDVTLZeSO2E7753W2GgSUrStEg13A1NuIKW4k4wfqxqZQ-q4Eq2yJGV5lXAlM81DgD7HhSqweIN-B1FoyvRKxm5meOIalli0lCO-LcW4Qc8-B75Rb088:1kOjgB:dbhB2Z1vG5q-HwGUjSi-iuFNj4lsbsDIUjuycfehP7c", "expire_date": "2020-10-17T15:42:35.259Z"}}, {"model": "sessions.session", "pk": "z2nac4sl18nhuegj54mehdvvcsp5tgmc", "fields": {"session_data": "e30:1kQyK2:gmqJ7xu7cYSpfUWR0jHP9uEo-YLRvHFrHsRLYhNy3Fc", "expire_date": "2020-10-23T19:44:58.291Z"}}, {"model": "sites.site", "pk": 1, "fields": {"domain": "FitnessParadise.example.com", "name": "Fitness Paradise"}}, {"model": "account.emailaddress", "pk": 2, "fields": {"user": 2, "email": "test@test.com", "verified": true, "primary": true}}, {"model": "account.emailaddress", "pk": 3, "fields": {"user": 4, "email": "firas_7000@hotmail.co.uk", "verified": true, "primary": true}}, {"model": "account.emailaddress", "pk": 4, "fields": {"user": 5, "email": "a@a.com", "verified": false, "primary": false}}, {"model": "products.category", "pk": 1, "fields": {"name": "whey_protein", "friendly_name": "Whey Protein"}}, {"model": "products.category", "pk": 2, "fields": {"name": "whey_protein_isolate", "friendly_name": "Whey Protein Isolate"}}, {"model": "products.category", "pk": 3, "fields": {"name": "weight_gainers", "friendly_name": "Weight Gainers"}}, {"model": "products.category", "pk": 4, "fields": {"name": "protein_bars", "friendly_name": "Protein Bars"}}, {"model": "products.category", "pk": 5, "fields": {"name": "pre_workout", "friendly_name": "Pre Workout"}}, {"model": "products.category", "pk": 6, "fields": {"name": "post_workout", "friendly_name": "Post Workout"}}, {"model": "products.category", "pk": 7, "fields": {"name": "bcaa", "friendly_name": "BCAA"}}, {"model": "products.category", "pk": 8, "fields": {"name": "creatine", "friendly_name": "Creatine"}}, {"model": "products.category", "pk": 9, "fields": {"name": "multi_vitamins", "friendly_name": "Multi Vitamins"}}, {"model": "products.category", "pk": 10, "fields": {"name": "fish_oil", "friendly_name": "Fish oil"}}, {"model": "products.category", "pk": 11, "fields": {"name": "Greens_and_superfoods", "friendly_name": "Greens & Superfoods"}}, {"model": "products.product", "pk": 1, "fields": {"category": 1, "sku": "pp5001340155", "name": "Gold Standard 100% Whey Protein", "description": "Whey protein isolates are the purest form of whey and the main ingredient in Gold Standard 100% Whey™. Each serving provides 24 grams of rapidly digesting whey protein with low levels of fat, cholesterol, lactose and other stuff you can do without making Gold Standard 100% Whey™ the standard all other proteins are measured against.", "has_flavours": true, "price": "48.99", "rating": "4.60", "image_url": "https://store.bbcomcdn.com/images/store/skuimage/sku_OPT216/image_skuOPT216_largeImage_X_450_white.jpg", "image": "image_skuOPT216_largeImage_X_450_white.jpg"}}, {"model": "products.product", "pk": 2, "fields": {"category": 1, "sku": "pp5001600425", "name": "Pro JYM Protein Powder", "description": "JYM Supplement Science combines real science with best-in-class ingredients and precise doses to deliver unreal results. Pro JYM is my exclusive protein blend designed to help you build muscle, recover faster, and train stronger. Whether you want to boost strength, add size, or get shredded, Pro JYM is for you. It's a powerful blend of proteins that add up to pure muscle fuel.", "has_flavours": true, "price": "42.87", "rating": "4.70", "image_url": "https://store.bbcomcdn.com/images/store/skuimage/sku_JYM5100048/image_skuJYM5100048_largeImage_X_450_white.jpg", "image": "image_skuJYM5100048_largeImage_X_450_white.jpg"}}, {"model": "products.product", "pk": 3, "fields": {"category": 2, "sku": "pp5001730010", "name": "ISO100 Hydrolyzed Whey Protein Isolate", "description": "ISO100 HYDROLYZED is a super premium combination of hydrolyzed whey protein isolate and whey protein isolate – the most advanced formula from Dymatize®.Through enzymatic hydrolysis whey protein is broken down partially into amino acid chains which makes it very easy to digest. ISO100 HYDROLYZED is a perfect choice after and even before exhausting workouts. Free from sugar and fat it’s super lean with less than 116 kcal per serving when mixed with water.", "has_flavours": true, "price": "60.18", "rating": "4.50", "image_url": "https://store.bbcomcdn.com/images/store/skuimage/sku_DYM6150032/image_skuDYM6150032_largeImage_X_450_white.jpg", "image": "image_skuDYM6150032_largeImage_X_450_white.jpg"}}, {"model": "products.product", "pk": 4, "fields": {"category": 1, "sku": "pp5001890157", "name": "Syntha-6 Whey Protein Powder", "description": "SYNTHA-6® is an ultra-premium protein powder with 22g protein per serving and is BSN®'s best-tasting protein on the market. SYNTHA-6® not only includes essential amino acids and essential fatty acids, but is also an excellent source of fiber, which makes it a nutritious and multi-functional protein supplement. SYNTHA-6® is the go-to protein for any nutrition or exercise regimen because it is designed to suit a variety of active lifestyles and diet plans. And with SYNTHA-6®, the high standard of quality protein comes with taste to match, thanks to BSN®'s exclusive flavor technology.", "has_flavours": true, "price": "44.99", "rating": "4.40", "image_url": "https://store.bbcomcdn.com/images/store/skuimage/sku_BSN115/image_skuBSN115_largeImage_X_450_white.jpg", "image": "image_skuBSN115_largeImage_X_450_white.jpg"}}, {"model": "products.product", "pk": 5, "fields": {"category": 1, "sku": "pp5002111605", "name": "Platinum Hydrowhey", "description": "PLATINUM HYDROWHEY IS THE FASTEST, PUREST, MOST ADVANCED WHEY PROTEIN WE'VE EVER DEVELOPED. IN A WORD: EXCELLENCE. BY HYDROLYZING THE PROTEIN IN THIS PREMIUM FORMULA WE'VE CREATED OUR FASTEST-ACTING WHEY PROTEIN YET. HYDROLYZING BREAKS LARGER PROTEINS DOWN INTO SMALLER PIECES THAT ARE ABLE TO GET INTO YOUR SYSTEM RAPIDLY, ENABLING YOUR MUSCLES TO START REBUILDING QUICKLY.", "has_flavours": true, "price": "51.16", "rating": "4.60", "image_url": "https://store.bbcomcdn.com/images/store/skuimage/sku_OPT380/image_skuOPT380_largeImage_X_450_white.jpg", "image": "image_skuOPT380_largeImage_X_450_white.jpg"}}, {"model": "products.product", "pk": 6, "fields": {"category": 2, "sku": "pp5002260206", "name": "Animal Whey", "description": "Animal Whey Protein Blend to Support Muscle Growt Containing Whey Protein Isolate to Supplement the Extreme Protein Requirements of Hardcore Lifters.", "has_flavours": true, "price": "43.63", "rating": "4.10", "image_url": "https://store.bbcomcdn.com/images/store/skuimage/sku_UNIV2960002/image_skuUNIV2960002_largeImage_X_450_white.jpg", "image": "image_skuUNIV2960002_largeImage_X_450_white.jpg"}}, {"model": "products.product", "pk": 7, "fields": {"category": 2, "sku": "pp5002440521", "name": "Combat 100% Isolate", "description": "Protein contributes to a growth in muscle mass. Ultra-Fast-Release Protein.", "has_flavours": true, "price": "45.14", "rating": "4.40", "image_url": "https://store.bbcomcdn.com/images/store/skuimage/sku_MPHARM2680174/image_skuMPHARM2680174_largeImage_X_450_white.jpg", "image": "image_skuMPHARM2680174_largeImage_X_450_white.jpg"}}, {"model": "products.product", "pk": 8, "fields": {"category": 2, "sku": "pp5002601115", "name": "Isopure Zero Carb WPI", "description": "100% Whey Protein Isolate = best quality available: Whey protein is one of the most popular sources of protein amongst active adults. Whey protein isolate is the purest and cleanest form of whey protein available. Zero Carb Isopure uses 100% of whey protein isolate as its sole source of protein.", "has_flavours": true, "price": "63.20", "rating": "4.50", "image_url": "https://store.bbcomcdn.com/images/store/skuimage/sku_NB031/image_skuNB031_largeImage_X_450_white.jpg", "image": "image_skuNB031_largeImage_X_450_white.jpg"}}, {"model": "products.product", "pk": 9, "fields": {"category": 3, "sku": "pp5002690715", "name": "Serious Mass Weight Gainer", "description": "SERIOUS MASS IS THE ULTIMATE IN WEIGHT GAIN FORMULAS, WITH 1250 CALORIES PER SERVING AND 50 GRAMS OF PROTEIN TO SUPPORT MUSCLE GROWTH AND REPAIR. THIS INSTANTISED POWDER MAKES THE IDEAL POST WORK-OUT AND BETWEEN MEALS SHAKE FOR SIZING UP YOUR GOALS.", "has_flavours": true, "price": "46.99", "rating": "4.70", "image_url": "https://store.bbcomcdn.com/images/store/skuimage/sku_OPT157/image_skuOPT157_largeImage_X_450_white.jpg", "image": "image_skuOPT157_largeImage_X_450_white.jpg"}}, {"model": "products.product", "pk": 10, "fields": {"category": 3, "sku": "pp5002701115", "name": "True-Mass Weight Gainer", "description": "RUE-MASS® is an ultra-premium mass gainer, designed to support muscle growth and recovery of normal muscle function after high intensity or long-lasting physical exercise. The formula behind TRUE-MASS® features a 2-to-1 ratio of workout-fueling carbohydrates to muscle building protein, with 90 grams of carbs per serving and 50 grams of protein at 700 calories. Plus, we included 6 grams of dietary fiber per serving and Medium Chain Triglycerides to round out the nutritional value of each shake and complement BSN®’s legendary great taste.", "has_flavours": true, "price": "39.99", "rating": "4.40", "image_url": "https://store.bbcomcdn.com/images/store/skuimage/sku_BSN030/image_skuBSN030_largeImage_X_450_white.jpg", "image": "image_skuBSN030_largeImage_X_450_white.jpg"}}, {"model": "products.product", "pk": 11, "fields": {"category": 3, "sku": "pp5002761055", "name": "Mass JYM Mass Gainer Protein Powder", "description": "Build lean muscle and grow with this Mass Jym 1:1 ratio of Pro Jym protein and clean carbohydrates to help reach your goals. Mass Jym focuses on giving athletes the macros they need to build lean muscle in this weight gainer with 30g of protein, 30g carbohydrates, and 5g of quality fats per serving to meet your needs and achieve the physique you're looking for.", "has_flavours": true, "price": "48.13", "rating": "4.80", "image_url": "https://store.bbcomcdn.com/images/store/skuimage/sku_JYM5210021/image_skuJYM5210021_largeImage_X_450_white.jpg", "image": "image_skuJYM5210021_largeImage_X_450_white.jpg"}}, {"model": "products.product", "pk": 12, "fields": {"category": 3, "sku": "pp5002820069", "name": "Mass-Tech Extreme 2000", "description": "MASS-TECH EXTREME 2000 delivers more protein per serving than most other mass gainers available on the market. With a whopping 80g of premium protein (when mixed with 16 oz. of skim milk), your body will have all the building blocks it needs to build the size and muscle you're looking for.", "has_flavours": true, "price": "25.64", "rating": "4.60", "image_url": "https://store.bbcomcdn.com/images/store/skuimage/sku_MT4910012/image_skuMT4910012_largeImage_X_450_white.jpg", "image": "image_skuMT4910012_largeImage_X_450_white.jpg"}}, {"model": "products.product", "pk": 13, "fields": {"category": 4, "sku": "pp5002820147", "name": "Combat Crunch Protein Bar", "description": "The best triple-layered “BAKED” protein bar on the market Combat Crunch bars are high protein, with low active carbs and tons of fiber. Best of all, they only have 210 calories. Unlike hard-paste, “taffy-like” sports bars, Combat Crunch (TM) is like eating a soft-batch cookie.", "has_flavours": false, "price": "20.31", "rating": "4.70", "image_url": "https://store.bbcomcdn.com/images/store/skuimage/sku_MPHARM2600004/image_skuMPHARM2600004_largeImage_X_450_white.jpg", "image": "image_skuMPHARM2600004_largeImage_X_450_white.jpg"}}, {"model": "products.product", "pk": 14, "fields": {"category": 4, "sku": "pp5002910572", "name": "BSN Protein Crisp Bars", "description": "BSN protein bar loaded with 20g of premium, great-tasting proteins and only 4g of sugar for a protein packed snack on the go. Protein Crisp bars are gluten free with a fabulous texture, outstanding flavor, and good macros for a quick protein snack after the gym or between meals. Serving around 240 calories, 7g fat, 24 carbs (with on 4g of sugar), and 20g of protein.", "has_flavours": false, "price": "18.80", "rating": "4.90", "image_url": "https://store.bbcomcdn.com/images/store/skuimage/sku_BSN4580003/image_skuBSN4580003_largeImage_X_450_white.jpg", "image": "image_skuBSN4580003_largeImage_X_450_white.jpg"}}, {"model": "products.product", "pk": 15, "fields": {"category": 4, "sku": "pp5002990740", "name": "Optimum Nutrition Protein Wafers", "description": "Light. Crispy. Creamy. And packed with protein. You've never had a wafer quite like this! Say hello to Protein Wafers — layer upon layer of thin, crispy wafers stacked with a rich, creamy filling. Each 2-wafer serving provides 15 grams of protein and an irresistible crunch to help you hit your macros while satisfying your sweet tooth.", "has_flavours": false, "price": "17.30", "rating": "4.60", "image_url": "https://store.bbcomcdn.com/images/store/skuimage/sku_OPT5660227/image_skuOPT5660227_largeImage_X_450_white.jpg", "image": "image_skuOPT5660227_largeImage_X_450_white.jpg"}}, {"model": "products.product", "pk": 16, "fields": {"category": 4, "sku": "pp5003050248", "name": "Muscle Pharm Natural Series Organic Protein Bars", "description": "We brought together a team of athletes, scientists and naturalists who believe that authentic, results-focused nutrition can also be clean, pure and nutritious. Wholesome ingredients for your mind, body and spirit can help you run farther, climb higher, recover faster – become bolder and better. MusclePharm® Organic Protein Bars feature proteins sourced from organic whole-grain brown rice protein and organic pea protein.", "has_flavours": false, "price": "21.81", "rating": "4.00", "image_url": "https://store.bbcomcdn.com/images/store/skuimage/sku_MPHARM4800046/image_skuMPHARM4800046_largeImage_X_450_white.jpg", "image": "image_skuMPHARM4800046_largeImage_X_450_white.jpg"}}, {"model": "products.product", "pk": 17, "fields": {"category": 5, "sku": "pp5003070787", "name": "PRE-KAGED Pre-Workout", "description": "When you take PRE-KAGED™ something happens. You scoop…add water… shake or stir…drink…then 15 – 20 minutes later…IT happens. It will increase your alertness and boost endurance performance to help you KRUSH personal records and workout plateaus", "has_flavours": true, "price": "30.09", "rating": "4.80", "image_url": "https://store.bbcomcdn.com/images/store/skuimage/sku_KAG6190222/image_skuKAG6190222_largeImage_X_450_white.jpg", "image": "image_skuKAG6190222_largeImage_X_450_white.jpg"}}, {"model": "products.product", "pk": 18, "fields": {"category": 5, "sku": "pp5003090182", "name": "Gold Standard Pre-Workout", "description": "Optimum Nutrition:Gold Standard Pre-Workout A Pre-Workout Worthy of the Gold Standard Name. Unleashes Amplified Energy, Sharp Focus, and Supports Power & Performance.", "has_flavours": true, "price": "23.99", "rating": "4.60", "image_url": "https://store.bbcomcdn.com/images/store/skuimage/sku_OPT2760072/image_skuOPT2760072_largeImage_X_450_white.jpg", "image": "image_skuOPT2760072_largeImage_X_450_white.jpg"}}, {"model": "products.product", "pk": 19, "fields": {"category": 5, "sku": "pp5003090186", "name": "Animal Fury", "description": "Potent, powerful pre-workout formula. Precisely dosed with proven ingredients. Designed to maximize energy, focus and performance. One scoop is all you need.", "has_flavours": true, "price": "27.83", "rating": "4.20", "image_url": "https://store.bbcomcdn.com/images/store/skuimage/sku_UNIV5170058/image_skuUNIV5170058_largeImage_X_450_white.jpg", "image": "image_skuUNIV5170058_largeImage_X_450_white.jpg"}}, {"model": "products.product", "pk": 20, "fields": {"category": 5, "sku": "pp5003161326", "name": "The Curse! Pre-Workout", "description": "The Curse contains 155mg of caffeine per serving. Caffeine helps to increase alertness and to improve concentration. Do not exceed a daily intake of 300 mg of caffeine.", "has_flavours": true, "price": "20.31", "rating": "3.80", "image_url": "https://store.bbcomcdn.com/images/store/skuimage/sku_COBRA1010032/image_skuCOBRA1010032_largeImage_X_450_white.jpg", "image": "image_skuCOBRA1010032_largeImage_X_450_white.jpg"}}, {"model": "products.product", "pk": 21, "fields": {"category": 6, "sku": "pp5003230723", "name": "Post JYM Recovery and Active BCAAs Powder", "description": "Carbohydrates contribute to the recovery of normal muscle function (contraction) after highly intensive and/or long-lasting physical exercise leading to muscle fatigue and the depletion of glycogen stores in skeletal muscle.", "has_flavours": true, "price": "28.58", "rating": "4.90", "image_url": "https://store.bbcomcdn.com/images/store/skuimage/sku_JYM5080032/image_skuJYM5080032_largeImage_X_450_white.jpg", "image": "image_skuJYM5080032_largeImage_X_450_white.jpg"}}, {"model": "products.product", "pk": 22, "fields": {"category": 6, "sku": "pp5003270936", "name": "RE-KAGED Post-Workout", "description": "With 28g of pure whey protein isolate, and loaded with post-workout essentials like fermented glutamine, Creatine HCl™, and BetaPower® betaine, RE-KAGED is a truly complete post-workout formula. Most protein powders don’t completely break down, and a lot of it is wasted passing through your system unused. RE-KAGED is formulated with ProHydrolase®, a premium enzyme blend.", "has_flavours": true, "price": "30.09", "rating": "4.80", "image_url": "https://store.bbcomcdn.com/images/store/skuimage/sku_KAG3460043/image_skuKAG3460043_largeImage_X_450_white.jpg", "image": "image_skuKAG3460043_largeImage_X_450_white.jpg"}}, {"model": "products.product", "pk": 23, "fields": {"category": 6, "sku": "pp5003360384", "name": "RecoverMode Muscle Recovery", "description": "For performance and recovery, it's crucial to maintain electrolyte levels to support proper hydration and muscle contractions. RECOVERMODE contains 1G Calci-K/serving plus sodium and potassium to help your body hydrate and recover from intense exercise.", "has_flavours": true, "price": "30.09", "rating": "4.60", "image_url": "https://store.bbcomcdn.com/images/store/skuimage/sku_EVL4670036/image_skuEVL4670036_largeImage_X_450_white.jpg", "image": "image_skuEVL4670036_largeImage_X_450_white.jpg"}}, {"model": "products.product", "pk": 24, "fields": {"category": 6, "sku": "pp5003440111", "name": "Dark Matter Post Workout Recovery Accelerator", "description": "If you want to start gaining serious size, chug down some DARK MATTER after your workouts and introduce your muscles to proven formulation for muscle growth and recovery. DARK MATTER is formulated for maximum speed, bio-effectiveness and precise nutrient timing for optimal post-workout replenishment during the “anabolic window” immediately after your workout.", "has_flavours": true, "price": "39.87", "rating": "4.10", "image_url": "https://store.bbcomcdn.com/images/store/skuimage/sku_MHP5550030/image_skuMHP5550030_largeImage_X_450_white.jpg", "image": "image_skuMHP5550030_largeImage_X_450_white.jpg"}}, {"model": "products.product", "pk": 25, "fields": {"category": 7, "sku": "pp5003540313", "name": "Optimum Nutrition BCAA 5000 Powder", "description": "Optimum Nutrition's Instantized BCAA 5000 Powder provides a 5000 mg blend of the three Branched Chain Amino Acids (L-Valine, L-Leucine and L-Isoleucine) in every serving. The Branched Chain Amino Acids (BCAA's), so named because of their unique branched chemical structure, are essential in that the body cannot make them from other compounds.", "has_flavours": true, "price": "24.82", "rating": "4.10", "image_url": "https://store.bbcomcdn.com/images/store/skuimage/sku_OPT540108/image_skuOPT540108_largeImage_X_450_white.jpg", "image": "image_skuOPT540108_largeImage_X_450_white.jpg"}}, {"model": "products.product", "pk": 26, "fields": {"category": 7, "sku": "pp5003560513", "name": "BSN AMINOx BCAA", "description": "AMINO X® is a stimulant free, BCAA formula designed for those who train intense, so take your workouts to the next level. Featuring a 10 gram blend of BCAAs and the essential amino acids, L-Alanine, Taurine and L-Citrulline and offered in five refreshing flavors, AMINO X provides you with a versatile, easy to take product for any type of workout regimen.", "has_flavours": true, "price": "21.06", "rating": "4.50", "image_url": "https://store.bbcomcdn.com/images/store/skuimage/sku_BSN1960036/image_skuBSN1960036_largeImage_X_450_white.jpg", "image": "image_skuBSN1960036_largeImage_X_450_white.jpg"}}, {"model": "products.product", "pk": 27, "fields": {"category": 7, "sku": "pp5003560948", "name": "Evlution Nutrition BCAA 5000 Amino Acids", "description": "MADE FROM THE HIGHEST QUALITY BCAAS. PROVEN 2:1:1 RATIO OF LEUCINE TO ISOLEUCINE TO VALINE. BCAAS ARE DIRECTLY ABSORBED BY THE MUSCLES.", "has_flavours": true, "price": "30.09", "rating": "4.00", "image_url": "https://store.bbcomcdn.com/images/store/skuimage/sku_EVL5490002/image_skuEVL5490002_largeImage_X_450_white.jpg", "image": "image_skuEVL5490002_largeImage_X_450_white.jpg"}}, {"model": "products.product", "pk": 28, "fields": {"category": 7, "sku": "pp5003570628", "name": "RSP Nutrition BCAA 5000", "description": "RSP BCAA 5000 is designed to support the body's essential post workout recovery and promote lean muscle growth with a premium combination of Leucine, Isoleucine, and valine to efficiently support muscle recovery, protein synthesis, and less fatigue.", "has_flavours": true, "price": "10.70", "rating": "4.30", "image_url": "https://store.bbcomcdn.com/images/store/skuimage/sku_RSP5320034/image_skuRSP5320034_largeImage_X_450_white.jpg", "image": "image_skuRSP5320034_largeImage_X_450_white.jpg"}}, {"model": "products.product", "pk": 29, "fields": {"category": 8, "sku": "pp5003620308", "name": "MuscleTech Platinum 100% Creatine , 400 Grams Unflavored", "description": "Platinum 100% Creatine provides the world’s highest quality form of micronized creatine. Creatine is suggested to support lean muscle and promote strength and endurance", "has_flavours": false, "price": "8.65", "rating": "4.60", "image_url": "https://store.bbcomcdn.com/images/store/skuimage/sku_MT2320202/image_skuMT2320202_largeImage_X_450_white.jpg", "image": "image_skuMT2320202_largeImage_X_450_white.jpg"}}, {"model": "products.product", "pk": 30, "fields": {"category": 8, "sku": "pp5003690115", "name": "Optimum Nutrition Micronized Creatine Powder", "description": "It's about overcoming obstacles, accomplishing goals, and recognizing achievements. And then it resets to achieve again. As your trusted sports nutrition partner in goal achievement, ON demonstrates that same passion while crafting our products. From the raw materials we source to our state-of-the-art manufacturing processes, no compromises are made. You set the bar higher after every workout, we set the bar higher to redefine the industry standards and ensure you realize optimum results.", "has_flavours": false, "price": "15.04", "rating": "4.60", "image_url": "https://store.bbcomcdn.com/images/store/skuimage/sku_OPT540096/image_skuOPT540096_largeImage_X_450_white.jpg", "image": "image_skuOPT540096_largeImage_X_450_white.jpg"}}, {"model": "products.product", "pk": 31, "fields": {"category": 8, "sku": "pp5003690116", "name": "MuscleTech CELL TECH", "description": "If you’ve been taking straight creatine monohydrate, it’s really just the tip of the iceberg. Researchers at MuscleTech® knew this and, after years of testing, created CELL-TECH™ – a true third generation creatine formula that harnesses ingredients so powerful that it has not only stood the test of time, but has become legendary for its ability to enhance performance!", "has_flavours": false, "price": "36.11", "rating": "4.20", "image_url": "https://store.bbcomcdn.com/images/store/skuimage/sku_MT1190186/image_skuMT1190186_largeImage_X_450_white.jpg", "image": "image_skuMT1190186_largeImage_X_450_white.jpg"}}, {"model": "products.product", "pk": 32, "fields": {"category": 8, "sku": "pp5003780391", "name": "Universal Nutrition Creatine", "description": "Patented Pure Creatine Monohydrate Powder for Building Muscle. Helps Increase Strength & Performance and Build Lean Mass.", "has_flavours": false, "price": "16.55", "rating": "4.00", "image_url": "https://store.bbcomcdn.com/images/store/skuimage/sku_UNIV530078/image_skuUNIV530078_largeImage_X_450_white.jpg", "image": "image_skuUNIV530078_largeImage_X_450_white.jpg"}}, {"model": "products.product", "pk": 33, "fields": {"category": 9, "sku": "pp5003790542", "name": "Evlution Nutrition VitaMode Multivitamin", "description": "High Performance Multi-Vitamin for Immune System Health. Full Spectrum Vitamin, Mineral, Selenium, Zinc and Vitamins E and C Contribute to Protection of Cells from Oxidative Stress And Pantothenic Acid Contributes to Normal Mental Performance And Well Being.", "has_flavours": false, "price": "21.81", "rating": "4.80", "image_url": "https://store.bbcomcdn.com/images/store/skuimage/sku_EVL4230011/image_skuEVL4230011_largeImage_X_450_white.jpg", "image": "image_skuEVL4230011_largeImage_X_450_white.jpg"}}, {"model": "products.product", "pk": 34, "fields": {"category": 9, "sku": "pp5003831225", "name": "Optimum Nutrition Opti-Men Multivitamin for Men.", "description": "Optimum Nutrition's Opti-Men is a complete Nutrient Optimization System providing 35+ active ingredients to support the nutrient needs of active men. Taken as a single tablet at breakfast, lunch and dinner, our new & improved multi provides vitamins and essential minerals - including Vitamin D, free form amino acids, botanical extracts and antioxidants in foundational amounts that can be built upon through consumption of a healthy balanced diet. Think of Opti-Men as potent nutritional insurance for your fitness lifestyle.", "has_flavours": false, "price": "19.55", "rating": "4.50", "image_url": "https://store.bbcomcdn.com/images/store/skuimage/sku_OPT2380276/image_skuOPT2380276_largeImage_X_450_white.jpg", "image": "image_skuOPT2380276_largeImage_X_450_white.jpg"}}, {"model": "products.product", "pk": 35, "fields": {"category": 9, "sku": "pp5003861402", "name": "Animal Pak Multivitamin", "description": "As the foundational supplement, Animal Pak should be a part of every bodybuilder's regimen. Every Animal supplement has been designed to work together, creating a unique, powerful, and comprehensive nutritional system. Animal Pak is your starting point.", "has_flavours": false, "price": "26.30", "rating": "4.10", "image_url": "https://store.bbcomcdn.com/images/store/skuimage/sku_UNIV020/image_skuUNIV020_largeImage_X_450_white.jpg", "image": "image_skuUNIV020_largeImage_X_450_white.jpg"}}, {"model": "products.product", "pk": 36, "fields": {"category": 9, "sku": "pp5003910638", "name": "Vita JYM Multivitamin", "description": "Daily Multivitamin Tablet Engineered with Vitamins, Minerals, and BioPerine®. Provides Micronutrients Athletes Need to Support Overall Well-Being.", "has_flavours": false, "price": "18.80", "rating": "4.60", "image_url": "https://store.bbcomcdn.com/images/store/skuimage/sku_JYM5000189/image_skuJYM5000189_largeImage_X_450_white.jpg", "image": "image_skuJYM5000189_largeImage_X_450_white.jpg"}}, {"model": "products.product", "pk": 37, "fields": {"category": 10, "sku": "pp5003950574", "name": "JYM Supplement Science Omega JYM Omega-3 Fish Oil", "description": "A fully dosed fish oil that goes above and beyond with 1,500mg of both EPA and DHA so you get all the benefits of omega 3s. Omega Jym isn't just a fish oil supplement, it's formulated to deliver the proper doses of 3 critical omega 3 fatty acids: DHA, EPA, and DPA in doses you won't find in other products.* As usual, Jym goes further for their customers.", "has_flavours": false, "price": "22.56", "rating": "4.80", "image_url": "https://store.bbcomcdn.com/images/store/skuimage/sku_JYM5000188/image_skuJYM5000188_largeImage_X_450_white.jpg", "image": "image_skuJYM5000188_largeImage_X_450_white.jpg"}}, {"model": "products.product", "pk": 38, "fields": {"category": 10, "sku": "pp5003950576", "name": "Evlution Nutrition Omega-3 Fish Oil Supplement", "description": "Not all fish oil is created equal. To ensure you get the highest quality Omega-3 Fatty Acids, we use 100% Wild Caught, Non-GMO Fish Oil. Each soft gel contains 1250mg of purified Fish Oil with 450mg EPA and 300mg DHA. These ultra-purified triple-strength soft gels are concentrated to provide triple the benefits of standard fish oil soft gels, helping to ensure your body gets the right amount of Omega-3s every day to support your joint, heart, brain, eye, hair and skin health!", "has_flavours": false, "price": "12.03", "rating": "4.30", "image_url": "https://store.bbcomcdn.com/images/store/skuimage/sku_EVL3390003/image_skuEVL3390003_largeImage_X_450_white.jpg", "image": "image_skuEVL3390003_largeImage_X_450_white.jpg"}}, {"model": "products.product", "pk": 39, "fields": {"category": 10, "sku": "pp5003960062", "name": "MuscleTech Platinum Omega Fish Oil ", "description": "Platinum 100% Fish Oil uses only the most ultra-pure, filtered fish oil to supply the key omega-3 fatty acids in fish oil – docosahexaenoic acid (DHA) and eicosapentaenoic acid (EPA). Platinum 100% Fish Oil soft gels give your body the EPA and DHA it needs to be its very best. These enteric-coated soft gels prevent the fishy aftertaste or bothersome fish burps you’ll get with lower quality fish oil products.", "has_flavours": false, "price": "9.02", "rating": "4.00", "image_url": "https://store.bbcomcdn.com/images/store/skuimage/sku_MT2320204/image_skuMT2320204_largeImage_X_450_white.jpg", "image": "image_skuMT2320204_largeImage_X_450_white.jpg"}}, {"model": "products.product", "pk": 40, "fields": {"category": 10, "sku": "pp5003960682", "name": "Animal Omega", "description": "The Complete Cardiovascular Support Vitamin Stack. Supports Metabolism, Hormone Production, And Cardiovascular Health.", "has_flavours": false, "price": "25.57", "rating": "3.90", "image_url": "https://store.bbcomcdn.com/images/store/skuimage/sku_UNIV187/image_skuUNIV187_largeImage_X_450_white.jpg", "image": "image_skuUNIV187_largeImage_X_450_white.jpg"}}, {"model": "products.product", "pk": 41, "fields": {"category": 11, "sku": "pp5003960775", "name": "PharmaFreak Greens Freak", "description": "Helps support body function with complete immune support and detoxifying ingredients. The Most Complete Superfood Greens Formula Of Its Kind.", "has_flavours": true, "price": "19.18", "rating": "4.00", "image_url": "https://store.bbcomcdn.com/images/store/skuimage/sku_PFREAK3700028/image_skuPFREAK3700028_largeImage_X_450_white.jpg", "image": "image_skuPFREAK3700028_largeImage_X_450_white.jpg"}}, {"model": "products.product", "pk": 42, "fields": {"category": 11, "sku": "pp5003990736", "name": "Alpha Lion Superhuman Greens Superfood", "description": "A Superfood formula featuring a variety of greens, a variety of vegetables, and probiotics for overall health support. Superhuman Greens are made to keep the body digesting properly and keeping things smooth while supporting overall health with over 40 different fruits, vegetables, and phytonutrients.* With added probiotics, and digestive enzymes for gut health.", "has_flavours": true, "price": "24.07", "rating": "3.70", "image_url": "https://store.bbcomcdn.com/images/store/skuimage/sku_AL6000343/image_skuAL6000343_largeImage_X_450_white.jpg", "image": "image_skuAL6000343_largeImage_X_450_white.jpg"}}, {"model": "products.product", "pk": 43, "fields": {"category": 11, "sku": "pp5003990746", "name": "Controlled Labs Orange OxiMega Greens ", "description": "Greens Complex with No Artificial Sweeteners, Flavors, or Colors. With Antioxidants Like Green Tea for Enhanced Performance Suppor.", "has_flavours": true, "price": "19.86", "rating": "4.00", "image_url": "https://store.bbcomcdn.com/images/store/skuimage/sku_CLABS089/image_skuCLABS089_largeImage_X_450_white.jpg", "image": "image_skuCLABS089_largeImage_X_450_white.jpg"}}, {"model": "products.product", "pk": 44, "fields": {"category": 11, "sku": "pp5004111503", "name": "Vega Protein & Greens Plant Protein", "description": "Turn over a new leaf with Vega® Protein & Greens. Enjoy effortless nutrition with deliciously smooth protein, and a side of veggies and greens to help sweeten your day", "has_flavours": true, "price": "34.60", "rating": "3.60", "image_url": "https://store.bbcomcdn.com/images/store/skuimage/sku_SEQN3850013/image_skuSEQN3850013_largeImage_X_450_white.jpg", "image": "image_skuSEQN3850013_largeImage_X_450_white.jpg"}}, {"model": "products.product", "pk": 45, "fields": {"category": 3, "sku": "pp5004230059", "name": "Optimum Nutrition Pro Gainer", "description": "Unlike typical weight management formulas that are loaded with simple sugars and fat, Pro Complex Gainer derives a much higher percentage of its calories from 7 premium protein sources. By also supplying complex carbohydrates, dietary fiber, medium chain triglycerides (MCTs), digestive enzymes, vitamins, essential minerals, and great taste as well, we've created the weight management supplement to support muscle gain. Pro Complex Gainer was made with quality, not quantity, in mind. Because we understand that you want to build quality muscle and keep fat increases to a minimum.", "has_flavours": true, "price": "75.99", "rating": "4.00", "image_url": "https://store.bbcomcdn.com/images/store/skuimage/sku_OPT219/image_skuOPT219_largeImage_X_450_white.jpg", "image": "image_skuOPT219_largeImage_X_450_white.jpg"}}, {"model": "products.product", "pk": 46, "fields": {"category": 2, "sku": "pp5004310089", "name": "Optimum Nutrition Gold Standard 100% Isolate", "description": "With 25g of isolate protein to support muscle growth and weight management. 1g carbs, less than 1g fat, gluten-free, and banned substance tested", "has_flavours": true, "price": "39.87", "rating": "3.50", "image_url": "https://store.bbcomcdn.com/images/store/skuimage/sku_OPT5410062/image_skuOPT5410062_largeImage_X_450_white.jpg", "image": "image_skuOPT5410062_largeImage_X_450_white.jpg"}}, {"model": "products.product", "pk": 47, "fields": {"category": 7, "sku": "pp5004610254", "name": "Cellucor Alpha Amino", "description": "Post Workout, Recovery Performance Amino Powder. Premium Formula To Fuel Endurance, Hydration, And Recovery.", "has_flavours": true, "price": "18.80", "rating": "4.10", "image_url": "https://store.bbcomcdn.com/images/store/skuimage/sku_CELLU4460078/image_skuCELLU4460078_largeImage_X_450_white.jpg", "image": "image_skuCELLU4460078_largeImage_X_450_white.jpg"}}, {"model": "products.product", "pk": 48, "fields": {"category": 2, "sku": "pp5004650050", "name": "Kaged Muscle MICROPURE Whey Protein Isolate", "description": "Whey Protein Isolate delivers more quality protein in every serving to support increases in protein synthesis for gains. Whey Protein Isolates are lower in unwanted lactose, fat, and carbohydrates than cheaper forms of protein. Many of which are blended with inferior sources of protein to meet basic protein requirements while robbing athletes of hard earned gains.", "has_flavours": true, "price": "33.85", "rating": "4.30", "image_url": "https://store.bbcomcdn.com/images/store/skuimage/sku_KAG5300012/image_skuKAG5300012_largeImage_X_450_white.jpg", "image": "image_skuKAG5300012_largeImage_X_450_white.jpg"}}, {"model": "products.product", "pk": 49, "fields": {"category": 1, "sku": "pp5004821375", "name": "MuscleTech Phase8 Protein", "description": "PHASE8™ is a premium blended protein formula that helps feeds your muscles any time of the day.1 Each scoop contains an impressive 26-gram blend of milk-derived proteins that supplies a wide range of amino acids to your muscles. PHASE8™ has a superior, clean macronutrient profile with only half the carbs and fat of the leading competitor.", "has_flavours": true, "price": "28.89", "rating": "4.60", "image_url": "https://store.bbcomcdn.com/images/store/skuimage/sku_MT1490004/image_skuMT1490004_largeImage_X_450_white.jpg", "image": "image_skuMT1490004_largeImage_X_450_white.jpg"}}, {"model": "products.product", "pk": 50, "fields": {"category": 5, "sku": "pp5004900522", "name": "Evlution Nutrition ENGN Shred Pre Workout", "description": "ALL ATHLETES! ENGN® SHRED has been designed to fuel all athletes whether you are a track star, bodybuilder or action sports athlete ENGN® SHRED will fuel you.", "has_flavours": true, "price": "29.99", "rating": "4.00", "image_url": "https://store.bbcomcdn.com/images/store/skuimage/sku_EVLEU5970105/image_skuEVLEU5970105_largeImage_X_450_white.jpg", "image": "image_skuEVLEU5970105_largeImage_X_450_white.jpg"}}, {"model": "products.comment", "pk": 1, "fields": {"product": 2, "user": 4, "subject": "test", "comment": "test", "rate": 2, "ip": "127.0.0.1", "status": "New", "create_at": "2020-10-24T13:22:44.759Z", "update_at": "2020-10-24T13:22:44.759Z"}}, {"model": "products.comment", "pk": 2, "fields": {"product": 2, "user": 4, "subject": "test", "comment": "test2", "rate": 2, "ip": "127.0.0.1", "status": "New", "create_at": "2020-10-24T13:24:10.594Z", "update_at": "2020-10-24T13:24:10.594Z"}}, {"model": "products.comment", "pk": 3, "fields": {"product": 2, "user": 4, "subject": "test", "comment": "test", "rate": 4, "ip": "127.0.0.1", "status": "True", "create_at": "2020-10-24T13:26:42.554Z", "update_at": "2020-10-27T12:17:16.087Z"}}, {"model": "products.comment", "pk": 4, "fields": {"product": 2, "user": 4, "subject": "test", "comment": "test2", "rate": 2, "ip": "127.0.0.1", "status": "True", "create_at": "2020-10-25T17:02:28.275Z", "update_at": "2020-10-27T12:17:08.200Z"}}, {"model": "products.comment", "pk": 5, "fields": {"product": 2, "user": 4, "subject": "test new", "comment": "new review", "rate": 2, "ip": "127.0.0.1", "status": "True", "create_at": "2020-10-26T20:32:35.934Z", "update_at": "2020-10-27T12:28:42.137Z"}}, {"model": "products.comment", "pk": 6, "fields": {"product": 2, "user": 4, "subject": "Test Firas", "comment": "new test", "rate": 2, "ip": "127.0.0.1", "status": "True", "create_at": "2020-10-27T12:17:48.845Z", "update_at": "2020-10-27T12:18:14.675Z"}}, {"model": "products.comment", "pk": 7, "fields": {"product": 2, "user": 4, "subject": "Testing Firas new comment", "comment": "dlgjsdkljglksjdg", "rate": 1, "ip": "127.0.0.1", "status": "True", "create_at": "2020-10-27T12:57:50.883Z", "update_at": "2020-10-27T12:57:50.883Z"}}, {"model": "products.comment", "pk": 8, "fields": {"product": 2, "user": 4, "subject": "Firas star test", "comment": "test firas starssd.g slkdgndkljgkldsjgklj dskgljdsfkgjldsfjgkdsfjklgjdsfklgkdsfjgkldsfklgjdsfklgkldsfjgkldsf", "rate": 3, "ip": "127.0.0.1", "status": "True", "create_at": "2020-10-27T13:41:24.910Z", "update_at": "2020-10-27T13:41:24.910Z"}}, {"model": "products.comment", "pk": 9, "fields": {"product": 1, "user": 4, "subject": "Test review", "comment": "This is a review", "rate": 4, "ip": "127.0.0.1", "status": "True", "create_at": "2020-11-01T18:04:24.689Z", "update_at": "2020-11-01T18:04:24.689Z"}}, {"model": "products.comment", "pk": 10, "fields": {"product": 2, "user": 4, "subject": "review 5", "comment": "df/hl/lmmdsf;lhsdf;lkh;lsdfkh;klfdk;dl", "rate": 1, "ip": "127.0.0.1", "status": "True", "create_at": "2020-11-11T17:00:02.044Z", "update_at": "2020-11-11T17:00:02.045Z"}}, {"model": "checkout.order", "pk": 3, "fields": {"order_number": "CAA16D0703C944B09BC193F0BD65B1DA", "user_profile": null, "full_name": "dgsdgsdg", "email": "sdfgdf@yahoo.com", "phone_number": "2345345", "country": "GB", "postcode": "erfhxdfh", "town_or_city": "London", "street_address1": "hdfghdfgdfgh", "street_address2": null, "county": "dfhdfhdfh", "date": "2020-10-04T15:59:55.366Z", "delivery_cost": "4.29", "order_total": "42.87", "grand_total": "47.16", "original_bag": "", "stripe_pid": ""}}, {"model": "checkout.order", "pk": 4, "fields": {"order_number": "34EF44008BF34438B0D665ECD618828E", "user_profile": null, "full_name": "dgsdgsdg", "email": "sdfgdf@yahoo.com", "phone_number": "2345345", "country": "GB", "postcode": "erfhxdfh", "town_or_city": "London", "street_address1": "hdfghdfgdfgh", "street_address2": null, "county": "dfhdfhdfh", "date": "2020-10-05T11:16:47.855Z", "delivery_cost": "0.00", "order_total": "60.18", "grand_total": "60.18", "original_bag": "{\"3\": {\"items_by_flavour\": {\"strawberry\": 1}}}", "stripe_pid": "pi_1HYrfsHp6TwvtRWdYNxyX4XX"}}, {"model": "checkout.order", "pk": 5, "fields": {"order_number": "78170935B55D4B67B3E8EE37BCC2BC0E", "user_profile": 1, "full_name": "test", "email": "test@test.com", "phone_number": "12344595959989", "country": "GB", "postcode": "HP12 4HJ", "town_or_city": "London", "street_address1": "123 4th street", "street_address2": null, "county": "High Wycombe", "date": "2020-10-08T19:23:00.608Z", "delivery_cost": "0.00", "order_total": "67.68", "grand_total": "67.68", "original_bag": "{\"37\": 3}", "stripe_pid": "pi_1Ha4grHp6TwvtRWd3xMSLjZu"}}, {"model": "checkout.order", "pk": 6, "fields": {"order_number": "32B3789A017D4CE1BA1A27B9F50428AD", "user_profile": 1, "full_name": "dgsdgsdg", "email": "sdfgdf@yahoo.com", "phone_number": "2345345", "country": "GB", "postcode": "erfhxdfh", "town_or_city": "London", "street_address1": "hdfghdfgdfgh", "street_address2": null, "county": "dfhdfhdfh", "date": "2020-10-08T19:32:58.559Z", "delivery_cost": "0.00", "order_total": "150.45", "grand_total": "150.45", "original_bag": "{\"23\": {\"items_by_flavour\": {\"strawberry\": 5}}}", "stripe_pid": "pi_1Ha4qoHp6TwvtRWd3Dkr7Sgi"}}, {"model": "checkout.order", "pk": 7, "fields": {"order_number": "6298B55414AA455CB3C4EA8172EE0A4E", "user_profile": 1, "full_name": "dgsdgsdg", "email": "sdfgdf@yahoo.com", "phone_number": "2345345", "country": "GB", "postcode": "erfhxdfh", "town_or_city": "London", "street_address1": "hdfghdfgdfgh", "street_address2": null, "county": "dfhdfhdfh", "date": "2020-10-08T19:46:14.763Z", "delivery_cost": "0.00", "order_total": "79.44", "grand_total": "79.44", "original_bag": "{\"43\": {\"items_by_flavour\": {\"strawberry\": 4}}}", "stripe_pid": "pi_1Ha53XHp6TwvtRWdbxeHS1EV"}}, {"model": "checkout.order", "pk": 8, "fields": {"order_number": "D70919EED6714C12A99195394CAA50E7", "user_profile": 3, "full_name": "Test", "email": "sdfgdf@yahoo.com", "phone_number": "12344595959989", "country": "GB", "postcode": "erfhxdfh", "town_or_city": "London", "street_address1": "hdfghdfgdfgh", "street_address2": null, "county": "dfhdfhdfh", "date": "2020-10-10T17:39:38.362Z", "delivery_cost": "0.00", "order_total": "239.34", "grand_total": "239.34", "original_bag": "{\"46\": {\"items_by_flavour\": {\"watermelon\": 5}}, \"10\": {\"items_by_flavour\": {\"strawberry\": 1}}}", "stripe_pid": "pi_1Ham2BHp6TwvtRWdjCzRIZmn"}}, {"model": "checkout.order", "pk": 9, "fields": {"order_number": "21B21AFABA0241488901EDDFAA7B9E43", "user_profile": 3, "full_name": "Firas Hazim", "email": "firas_7000@hotmail.co.uk", "phone_number": "07740192952", "country": "GB", "postcode": "UB6 9TR", "town_or_city": "Greenford", "street_address1": "189 Ferrymead Avenue", "street_address2": null, "county": "Greater London", "date": "2020-11-12T17:01:42.570Z", "delivery_cost": "4.29", "order_total": "42.87", "grand_total": "47.16", "original_bag": "{\"2\": {\"items_by_flavour\": {\"strawberry\": 1}}}", "stripe_pid": "pi_1HmjArHp6TwvtRWd67VKSg55"}}, {"model": "checkout.orderlineitem", "pk": 7, "fields": {"order": 3, "product": 2, "product_flavour": "strawberry", "quantity": 1, "lineitem_total": "42.87"}}, {"model": "checkout.orderlineitem", "pk": 8, "fields": {"order": 4, "product": 3, "product_flavour": "strawberry", "quantity": 1, "lineitem_total": "60.18"}}, {"model": "checkout.orderlineitem", "pk": 9, "fields": {"order": 5, "product": 37, "product_flavour": null, "quantity": 3, "lineitem_total": "67.68"}}, {"model": "checkout.orderlineitem", "pk": 10, "fields": {"order": 6, "product": 23, "product_flavour": "strawberry", "quantity": 5, "lineitem_total": "150.45"}}, {"model": "checkout.orderlineitem", "pk": 11, "fields": {"order": 7, "product": 43, "product_flavour": "strawberry", "quantity": 4, "lineitem_total": "79.44"}}, {"model": "checkout.orderlineitem", "pk": 12, "fields": {"order": 8, "product": 46, "product_flavour": "watermelon", "quantity": 5, "lineitem_total": "199.35"}}, {"model": "checkout.orderlineitem", "pk": 13, "fields": {"order": 8, "product": 10, "product_flavour": "strawberry", "quantity": 1, "lineitem_total": "39.99"}}, {"model": "checkout.orderlineitem", "pk": 14, "fields": {"order": 9, "product": 2, "product_flavour": "strawberry", "quantity": 1, "lineitem_total": "42.87"}}, {"model": "profiles.userprofile", "pk": 1, "fields": {"user": 2, "default_phone_number": "2345345", "default_street_address1": "hdfghdfgdfgh", "default_street_address2": null, "default_town_or_city": "London", "default_county": "dfhdfhdfh", "default_postcode": "erfhxdfh", "default_country": "GB"}}, {"model": "profiles.userprofile", "pk": 3, "fields": {"user": 4, "default_phone_number": "12344595959989", "default_street_address1": "hdfghdfgdfgh", "default_street_address2": null, "default_town_or_city": "London", "default_county": "dfhdfhdfh", "default_postcode": "erfhxdfh", "default_country": "GB"}}, {"model": "profiles.userprofile", "pk": 4, "fields": {"user": 5, "default_phone_number": null, "default_street_address1": null, "default_street_address2": null, "default_town_or_city": null, "default_county": null, "default_postcode": null, "default_country": null}}, {"model": "profiles.userprofile", "pk": 5, "fields": {"user": 6, "default_phone_number": null, "default_street_address1": null, "default_street_address2": null, "default_town_or_city": null, "default_county": null, "default_postcode": null, "default_country": null}}, {"model": "blog.post", "pk": 1, "fields": {"title": "My First Blog", "slug": "my-first-blog", "author": 4, "updated_on": "2020-11-10T17:31:24.939Z", "content": "This is my first ever blog!", "created_on": "2020-11-10T17:31:24.939Z", "status": 1}}, {"model": "blog.post", "pk": 2, "fields": {"title": "My Second Blog", "slug": "my-second-blog", "author": 4, "updated_on": "2020-11-11T11:51:14.844Z", "content": "Lorem ipsum dolor sit amet, consectetur adipiscing elit, sed do eiusmod tempor incididunt ut labore et dolore magna aliqua. Ut enim ad minim veniam, quis nostrud exercitation ullamco laboris nisi ut aliquip ex ea commodo consequat. Duis aute irure dolor in reprehenderit in voluptate velit esse cillum dolore eu fugiat nulla pariatur. Excepteur sint occaecat cupidatat non proident, sunt in culpa qui officia deserunt mollit anim id est laborum.\"\r\n\r\nSection 1.10.32 of \"de Finibus Bonorum et Malorum\", written by Cicero in 45 BC\r\n\"Sed ut perspiciatis unde omnis iste natus error sit voluptatem accusantium doloremque laudantium, totam rem aperiam, eaque ipsa quae ab illo inventore veritatis et quasi architecto beatae vitae dicta sunt explicabo. Nemo enim ipsam voluptatem quia voluptas sit aspernatur aut odit aut fugit, sed quia consequuntur magni dolores eos qui ratione voluptatem sequi nesciunt. Neque porro quisquam est, qui dolorem ipsum quia dolor sit amet, consectetur, adipisci velit, sed quia non numquam eius modi tempora incidunt ut labore et dolore magnam aliquam quaerat voluptatem. Ut enim ad minima veniam, quis nostrum exercitationem ullam corporis suscipit laboriosam, nisi ut aliquid ex ea commodi consequatur? Quis autem vel eum iure reprehenderit qui in ea voluptate velit esse quam nihil molestiae consequatur, vel illum qui dolorem eum fugiat quo voluptas nulla pariatur?\"\r\n\r\n1914 translation by H. Rackham\r\n\"But I must explain to you how all this mistaken idea of denouncing pleasure and praising pain was born and I will give you a complete account of the system, and expound the actual teachings of the great explorer of the truth, the master-builder of human happiness. No one rejects, dislikes, or avoids pleasure itself, because it is pleasure, but because those who do not know how to pursue pleasure rationally encounter consequences that are extremely painful. Nor again is there anyone who loves or pursues or desires to obtain pain of itself, because it is pain, but because occasionally circumstances occur in which toil and pain can procure him some great pleasure. To take a trivial example, which of us ever undertakes laborious physical exercise, except to obtain some advantage from it? But who has any right to find fault with a man who chooses to enjoy a pleasure that has no annoying consequences, or one who avoids a pain that produces no resultant pleasure?\"\r\n\r\nSection 1.10.33 of \"de Finibus Bonorum et Malorum\", written by Cicero in 45 BC\r\n\"At vero eos et accusamus et iusto odio dignissimos ducimus qui blanditiis praesentium voluptatum deleniti atque corrupti quos dolores et quas molestias excepturi sint occaecati cupiditate non provident, similique sunt in culpa qui officia deserunt mollitia animi, id est laborum et dolorum fuga. Et harum quidem rerum facilis est et expedita distinctio. Nam libero tempore, cum soluta nobis est eligendi optio cumque nihil impedit quo minus id quod maxime placeat facere possimus, omnis voluptas assumenda est, omnis dolor repellendus. Temporibus autem quibusdam et aut officiis debitis aut rerum necessitatibus saepe eveniet ut et voluptates repudiandae sint et molestiae non recusandae. Itaque earum rerum hic tenetur a sapiente delectus, ut aut reiciendis voluptatibus maiores alias consequatur aut perferendis doloribus asperiores repellat.\"", "created_on": "2020-11-11T11:51:14.844Z", "status": 1}}]